ClienteEjemplo,CreditScore,Age,Tenure,Balance,NumOfProducts,HasCrCard,IsActiveMember,Geography
EJ-01,703,33,0,0.00,2,1,1,France
EJ-02,535,41,8,0.00,2,0,0,Spain
EJ-03,728,37,5,35351.30,1,1,0,France
EJ-04,403,46,0,0.00,1,1,0,Spain
EJ-05,562,56,8,0.00,1,1,0,France
EJ-06,444,48,8,128879.73,3,1,1,Spain
EJ-07,638,56,10,74236.38,1,1,1,France
EJ-08,518,42,0,32878.17,2,1,0,Spain
EJ-09,481,27,8,88855.02,1,1,0,Spain
EJ-10,664,45,10,97586.19,2,0,1,Spain
EJ-11,537,58,8,121985.46,2,1,0,France
EJ-12,546,35,4,53751.98,1,1,0,Spain
EJ-13,850,26,7,154365.27,2,1,0,Germany
EJ-14,465,38,10,217226.84,2,1,0,France
EJ-15,688,48,0,30519.05,1,1,1,France
EJ-16,440,42,10,129083.03,1,1,1,Germany
EJ-17,825,49,1,62224.66,1,1,0,France
EJ-18,591,43,4,84090.21,1,1,0,Germany
EJ-19,672,34,9,103740.15,1,1,0,France
EJ-20,454,38,10,0.00,2,0,0,France
